<?xml version="1.0"?>
<block>
  <name>OFDM Dynamic Carrier Allocator</name>
  <key>opportunistic_dynallocator_cc</key>
  <category>[opportunistic]</category>
  <import>import opportunistic</import>
  <make>opportunistic.dynallocator_cc($fft_len)</make>
  <!-- Make one 'param' node for every Parameter you want settable from the GUI.
       Sub-nodes:
       * name
       * key (makes the value accessible as $keyname, e.g. in the make node)
       * type -->
  <param>
    <name>FFT Length</name>
    <key>fft_len</key>
    <type>int</type>
  </param>

  <!-- Make one 'sink' node per input. Sub-nodes:
       * name (an identifier for the GUI)
       * type
       * vlen
       * optional (set to 1 for optional inputs) -->
  <sink>
    <name>in</name>
    <type>complex</type>
    <vlen>$fft_len</vlen>
  </sink>
  <sink>
    <name>carriers</name>
    <type>message</type>
  </sink>


  <!-- Make one 'source' node per output. Sub-nodes:
       * name (an identifier for the GUI)
       * type
       * vlen
       * optional (set to 1 for optional inputs) -->
  <source>
    <name>out</name>
    <type>complex</type>
    <vlen>$fft_len</vlen>
  </source>
</block>
