<?xml version="1.0"?>
<block>
  <name>Dynamic Primary User Allocator</name>
  <key>opportunistic_dynpuallocator_m</key>
  <category>[opportunistic]</category>
  <import>import opportunistic</import>
  <make>opportunistic.dynpuallocator_m($length)</make>
  <!-- Make one 'param' node for every Parameter you want settable from the GUI.
       Sub-nodes:
       * name
       * key (makes the value accessible as $keyname, e.g. in the make node)
       * type -->
  <param>
    <name>FFT Length</name>
    <key>length</key>
    <type>int</type>
  </param>

  <!-- Make one 'sink' node per input. Sub-nodes:
       * name (an identifier for the GUI)
       * type
       * vlen
       * optional (set to 1 for optional inputs) -->

  <!-- Make one 'source' node per output. Sub-nodes:
       * name (an identifier for the GUI)
       * type
       * vlen
       * optional (set to 1 for optional inputs) -->
  <source>
    <name>range</name>
    <type>message</type>
  </source>
</block>
