<?xml version="1.0"?>
<block>
  <name>Noise Estimation</name>
  <key>opportunistic_noiseest_c</key>
  <category>[opportunistic]</category>
  <import>import opportunistic</import>
  <make>opportunistic.noiseest_c($alpha, $epsilon)</make>
  <callback>set_alpha($alpha)</callback>
  <callback>set_epsilon($epsilon)</callback>
  <!-- Make one 'param' node for every Parameter you want settable from the GUI.
       Sub-nodes:
       * name
       * key (makes the value accessible as $keyname, e.g. in the make node)
       * type -->
  <param>
    <name>alpha</name>
    <key>alpha</key>
    <value>0.1</value>
    <type>float</type>
  </param>
  <param>
    <name>epsilon</name>
    <key>epsilon</key>
    <value>3</value>
    <type>float</type>
  </param>

  <!-- Make one 'sink' node per input. Sub-nodes:
       * name (an identifier for the GUI)
       * type
       * vlen
       * optional (set to 1 for optional inputs) -->
  <sink>
    <name>in</name>
    <type>complex</type>
  </sink>
        <source>
                <name>noiselevel</name>
                <type>message</type>
        </source>

  <!-- Make one 'source' node per output. Sub-nodes:
       * name (an identifier for the GUI)
       * type
       * vlen
       * optional (set to 1 for optional inputs) -->
</block>
