<?xml version="1.0"?>
<block>
  <name>OFDM Spectrum Sensing</name>
  <key>opportunistic_specsense_cc</key>
  <category>[opportunistic]</category>
  <import>import opportunistic</import>
  <make>opportunistic.specsense_cc($threshold,$length,$plot)</make>
  <callback>set_threshold($threshold)</callback>
  <callback>set_length($length)</callback>
  <!-- Make one 'param' node for every Parameter you want settable from the GUI.
       Sub-nodes:
       * name
       * key (makes the value accessible as $keyname, e.g. in the make node)
       * type
       -->
  <param>
    <name>Normalized Threshold</name>
    <key>threshold</key>
    <value>4</value>
    <type>float</type>
  </param>
  <param>
    <name>Pulse length</name>
    <key>length</key>
    <value>10</value>
    <type>int</type>
  </param>
  <param>
    <name>Plot</name>
    <key>plot</key>
    <value>False</value>
    <type>enum</type>
    <option>
        <name>Yes</name>
	<key>True</key>
     </option>
     <option>
	<name>No</name>
	<key>False</key>
    </option>
  </param>

  <!-- Make one 'sink' node per input. Sub-nodes:
       * name (an identifier for the GUI)
       * type
       * vlen
       * optional (set to 1 for optional inputs) -->
<sink>
    <name>in</name>
    <type>complex</type>
</sink>
<sink>
    <name>noiselevel</name>
    <type>message</type>
</sink>


  <!-- Make one 'source' node per output. Sub-nodes:
       * name (an identifier for the GUI)
       * type
       * vlen
       * optional (set to 1 for optional inputs) -->
<source>
	<name>range</name>
	<type>message</type>
</source>
</block>
